subscriptionId,Subscription ID matching in TSR,Ipaas type,Part Code,Organisation,SUM of Last two weeks,46097,46104,46111,46118,46125,46132,46139,46146,46153,46160,46167,46174,46181,46188,46195,46202,46209,46216,46223,46230,46237,46244,46251,46258,46265
20250617-1137-2312-80e8-2eea64a72397,20250617-1137-2312-80e8-2eea64a72397,ipaas_standard,D0YG9ZX,IBM,45,25,20,19,18,26,19,16,24,27,30,19,26,21,15,27,13,16,11,11,8,14,12,14,10,8
20250703-1553-5561-90a2-63dd72bcee8e,20250703-1553-5561-90a2-63dd72bcee8e,ipaas_standard,D0YG9ZX,TrialForIntegration,8,3,5,14,11,9,8,8,14,12,7,6,17,15,11,27,6,7,5,4,8,9,20,12,5,9
20250813-1511-0447-9073-97143a2cd040,20250813-1511-0447-9073-97143a2cd040,ipaas_standard,D0YG9ZX,IBM,18,14,4,6,11,8,3,16,4,10,14,11,9,28,7,17,10,8,4,1,11,7,6,12,9,8
20250616-1913-1885-6098-7a61c0422495,20250616-1913-1885-6098-7a61c0422495,ipaas_standard,D0YG9ZX,IBM,14,7,7,4,8,10,7,5,4,6,6,5,11,7,5,2,4,5,2,3,4,3,3,4,3,1
20250617-1142-1199-40fd-67cd5ce299ad,20250617-1142-1199-40fd-67cd5ce299ad,ipaas_standard,D0YG9ZX,IBM,5,2,3,3,5,4,4,4,5,11,9,4,3,3,6,3,3,3,2,2,3,2,2,1,2,2
20260212-2032-2126-3264-7484ed12fd08,#N/A,#N/A,#N/A,#N/A,0,0,0,0,6,2,0,6,13,7,5,2,4,4,2,0,0,8,1,0,6,1,1,3,0,4
20250617-1128-0242-3054-a899e9e9aea4,20250617-1128-0242-3054-a899e9e9aea4,ipaas_standard,D0YG9ZX,IBM,2,1,1,2,3,2,4,0,0,3,6,3,3,3,3,3,1,0,1,0,0,0,1,0,0,1
20250617-2005-4709-502f-d83bfc28dcd7,20250617-2005-4709-502f-d83bfc28dcd7,ipaas_standard,D0YG9ZX,IBM,2,1,1,0,3,2,2,1,2,3,3,2,2,1,1,2,1,1,2,1,0,0,1,1,1,3
20251217-1755-1697-522b-b957e433d566,#N/A,#N/A,#N/A,IBM,0,0,0,0,0,2,0,0,0,0,3,0,3,5,0,1,1,3,2,0,5,1,2,4,1,1
20251212-0515-4595-52f0-a766e896a083,#N/A,#N/A,#N/A,IBM,12,0,12,1,0,7,0,1,0,0,0,0,0,0,0,0,1,0,0,0,0,0,0,0,0,0
20251029-1654-1054-907d-38ef7082f290,20251029-1654-1054-907d-38ef7082f290,ipaas_standard,D0YG9ZX,IBM,3,2,1,0,0,2,1,1,0,0,3,2,3,2,0,0,1,0,0,0,0,0,0,0,2,0
20260101-0000-1146-00b4-e23ddf98dc61,20260101-0000-1146-00b4-e23ddf98dc61,ipaas_standard,D0YG9ZX,"City Furniture, Inc.",3,2,1,0,0,0,2,1,0,0,1,0,2,2,1,0,0,0,1,3,0,2,2,0,0,0
20260410-1857-0957-6217-1ee18da462e9,#N/A,#N/A,#N/A,UBER FREIGHT US LLC,0,0,0,0,0,0,1,1,0,1,1,2,1,1,1,0,1,2,1,1,1,1,0,2,1,0
20251017-2114-2793-30ad-74ed737cef6d,20251017-2114-2793-30ad-74ed737cef6d,ipaas_standard,D0YG9ZX,IBM,1,1,0,0,0,1,0,1,0,1,1,0,0,0,1,0,2,3,0,0,3,1,0,1,1,0
20260413-1344-3171-30a1-8cf11a655c6f,20260413-1344-3171-30a1-8cf11a655c6f,ipaas_standard,D0YG9ZX,CEPSA GASIB GLP,0,0,0,0,0,1,2,1,0,2,0,1,1,1,0,1,0,1,2,0,1,0,0,2,0,1
20260406-1605-1382-30b3-ca0c276a0ba7,20260406-1605-1382-30b3-ca0c276a0ba7,ipaas_standard,D0YG9ZX,JD Irving,0,0,0,0,0,0,0,0,1,1,0,1,1,0,1,1,1,2,2,1,0,0,0,1,1,1
20260309-2330-4616-1038-030c10961ade,20260309-2330-4616-1038-030c10961ade,ipaas_standard,D0YG9ZX,Pragma Edge,1,0,1,0,0,1,1,0,2,2,2,0,1,1,2,0,0,0,0,0,0,0,0,0,0,0
20251119-1911-2994-6009-5f70a7d0d121,20251119-1911-2994-6009-5f70a7d0d121,ipaas_standard,D0YG9ZX,IBM,0,0,0,0,1,0,0,0,0,0,0,1,0,1,0,1,2,1,2,0,1,0,0,0,1,1
20251212-1057-0110-40d5-af3714ef37f9,20251212-1057-0110-40d5-af3714ef37f9,ipaas_standard,D0YG9ZX,Henry Schein Inc.,1,0,1,1,1,0,0,0,1,1,0,1,0,1,0,1,1,1,1,0,0,1,0,0,0,0
20260526-1543-2467-0062-bb27ee6c299e,20260526-1543-2467-0062-bb27ee6c299e,ipaas_standard,D0YG9ZX,Tata Consultancy Services,0,0,0,0,0,0,0,0,0,0,0,0,1,2,1,1,1,3,0,2,0,0,0,0,0,0
(none),#N/A,#N/A,#N/A,#N/A,6,1,5,1,2,0,0,0,0,0,0,0,0,0,0,0,1,0,0,0,0,0,0,0,0,0
20250606-1506-0296-1015-fd806439eb8d,20250606-1506-0296-1015-fd806439eb8d,ipaas_standard,D0YG9ZX,IBM,0,0,0,0,0,0,0,0,2,0,2,0,1,2,0,1,1,0,0,0,1,0,0,0,0,0
20260408-1035-5753-30e4-be93fe45f554,20260408-1035-5753-30e4-be93fe45f554,ipaas_standard,D0YG9ZX,UNIPART GROUP OF COMPANIES LIM,0,0,0,0,0,2,0,1,0,0,1,0,0,0,0,1,0,0,0,0,1,2,1,0,1,0
20260414-1854-5487-3212-3feef833f13e,#N/A,#N/A,#N/A,INTERNATIONAL PAPER CO,0,0,0,0,0,1,2,1,1,0,0,2,1,0,0,0,0,0,0,0,1,1,0,0,0,0
20260513-1827-2872-8017-344000ad6005,20260513-1827-2872-8017-344000ad6005,ipaas_standard,D0YG9ZX,IBM,0,0,0,0,0,0,0,0,0,3,2,0,1,2,0,0,0,0,0,0,0,0,1,1,0,0
20260126-1339-2255-80a2-e07255919d84,20260126-1339-2255-80a2-e07255919d84,ipaas_standard,D0YG9ZX,Atlantic City,4,2,2,0,0,1,1,0,0,0,1,0,0,0,0,0,0,0,0,0,0,0,0,0,0,0
20260603-1501-4267-802e-62674494d30f,#N/A,#N/A,#N/A,PROLIFICS CORPORATION PRIVATE,0,0,0,0,0,0,0,0,0,0,0,0,2,3,0,2,0,0,0,0,0,0,0,0,0,0
20250821-0746-5644-60d5-57faef4e025c,20250821-0746-5644-60d5-57faef4e025c,ipaas_standard,D0YG9ZX,IBM INDIA PRIVATE LIMITED,0,0,0,0,0,0,0,0,1,0,0,1,1,0,0,1,2,0,0,0,0,0,0,0,0,0
20250930-0508-2534-105f-c902391e6a17,20250930-0508-2534-105f-c902391e6a17,ipaas_standard,D0YG9ZX,_______________,0,0,0,0,0,0,0,0,0,0,0,1,0,0,0,0,0,0,1,0,0,0,1,1,1,1
20251021-1420-0441-90f4-e1654ff5f570,20251021-1420-0441-90f4-e1654ff5f570,ipaas_standard,D0YG9ZX,IBM,0,0,0,0,1,3,0,0,0,0,1,0,0,0,0,0,0,0,0,0,1,0,0,0,0,0
20260316-1955-3907-6040-167b27677d51,#N/A,#N/A,#N/A,IBM de Chile S.A.C.,1,0,1,2,1,2,0,0,0,0,0,0,0,0,0,0,0,0,0,0,0,0,0,0,0,0
20260410-1425-0438-5087-74306a056f42,#N/A,#N/A,#N/A,CVBITE,0,0,0,0,1,2,2,0,1,0,0,0,0,0,0,0,0,0,0,0,0,0,0,0,0,0
20260601-0001-2927-40fe-8c4516e53280,20260601-0001-2927-40fe-8c4516e53280,ipaas_standard,D0YG9ZX,JUBILEE HOLDINGS LIMITED,0,0,0,0,0,0,0,0,0,0,0,0,3,0,2,1,0,0,0,0,0,0,0,0,0,0
20260827-1704-0345-406b-cfb6652aeedf,20260827-1704-0345-406b-cfb6652aeedf,ipaas_standard,D0YG9ZX,#N/A,0,0,0,0,0,0,0,0,0,0,0,0,0,0,0,0,0,0,0,0,0,0,0,0,1,5
20250606-1342-5467-608f-3a9a68a4d273,20250606-1342-5467-608f-3a9a68a4d273,ipaas_standard,D0YG9ZX,IBM,5,0,5,0,0,0,0,0,0,0,0,0,0,0,0,0,0,0,0,0,0,0,0,0,0,0
20250606-1508-4416-00cb-be8ef7e75ac3,20250606-1508-4416-00cb-be8ef7e75ac3,ipaas_standard,D0YG9ZX,CarlFrancis Account,2,2,0,0,0,0,0,0,0,0,0,0,1,0,1,1,0,0,0,0,0,0,0,0,0,0
20250827-1727-4221-70cf-0ccbc1c740b6,20250827-1727-4221-70cf-0ccbc1c740b6,ipaas_standard,D0YG9ZX,"The Bancorp, Inc.",1,1,0,0,0,0,0,1,0,0,0,0,0,0,0,0,0,0,0,0,0,0,0,0,3,0
20260106-2023-5236-70d7-8e9264617477,20260106-2023-5236-70d7-8e9264617477,ipaas_standard,D0YG9ZX,"SOUTHERN GLAZER'S WINE AND SPIRITS OF THE PACIFIC NORTHWEST, LLC",1,0,1,0,0,1,0,0,0,0,0,0,0,1,0,0,0,0,0,0,0,0,1,1,0,0
20260330-1000-3802-6061-e4940887a7e3,#N/A,#N/A,#N/A,INCTURE TECHNOLOGIES PRIVATE L,0,0,0,3,1,1,0,0,0,0,0,0,0,0,0,0,0,0,0,0,0,0,0,0,0,0
20260427-1907-1615-0019-df2d4470af42,#N/A,#N/A,#N/A,IBM,0,0,0,0,0,0,0,1,1,0,0,0,1,0,0,1,1,0,0,0,0,0,0,0,0,0
20260528-0845-1480-5027-5ebad8072900,#N/A,#N/A,#N/A,Miracle Software Systems Inc.,0,0,0,0,0,0,0,0,0,0,0,3,1,0,0,1,0,0,0,0,0,0,0,0,0,0
20260531-2348-0904-30e9-ce3f753c8134,#N/A,#N/A,#N/A,IBM AUSTRALIA LTD,0,0,0,0,0,0,0,0,0,0,0,0,5,0,0,0,0,0,0,0,0,0,0,0,0,0
20260218-1901-2354-1083-a3ee9b8d3502,20260218-1901-2354-1083-a3ee9b8d3502,ipaas_standard,D0YG9ZX,"Applied Materials, Inc.",3,2,1,0,0,0,0,0,0,0,0,0,0,0,0,0,0,0,0,1,0,0,0,0,0,0
20260309-1905-0495-30ca-ffd26c24f824,20260309-1905-0495-30ca-ffd26c24f824,ipaas_standard,D0YG9ZX,"Europartners México, S.A. de C",1,0,1,0,0,0,1,0,0,0,1,0,0,0,0,0,0,0,0,0,0,1,0,0,0,0
20260427-1923-2601-1079-0faf5cabe481,20260427-1923-2601-1079-0faf5cabe481,ipaas_standard,D0YG9ZX,PSW Digital (EAGLE SOCIEDADE DE CREDITO DIRETO S.A.),0,0,0,0,0,0,0,0,0,0,1,0,0,0,0,1,0,0,0,0,1,0,1,0,0,0
20260609-1419-5945-20c8-89775ccc1677,20260609-1419-5945-20c8-89775ccc1677,ipaas_standard,D0YG9ZX,IBM,0,0,0,0,0,0,0,0,0,0,0,0,0,0,0,1,0,0,0,0,0,2,1,0,0,0
20260612-1829-0169-20db-8275914d778f,20260612-1829-0169-20db-8275914d778f,ipaas_standard,D0YG9ZX,IBM,0,0,0,0,0,0,0,0,0,0,0,0,0,0,0,0,0,0,0,0,0,0,0,1,2,1
20260623-2243-0307-7007-aed4f3103282,20260623-2243-0307-7007-aed4f3103282,ipaas_standard,D0YG9ZX,International Business Machine,0,0,0,0,0,0,0,0,0,0,0,0,0,0,0,1,0,1,0,0,0,0,1,0,1,0
20260625-1405-1105-60aa-3f0deaa19b21,20260625-1405-1105-60aa-3f0deaa19b21,ipaas_standard,D0YG9ZX,IBM,0,0,0,0,0,0,0,0,0,0,0,0,0,0,0,1,1,2,0,0,0,0,0,0,0,0
20260715-1518-4021-80f8-c4f3c1fdd3e2,#N/A,#N/A,#N/A,COGNIZANT TECHNOLOGY SOLUTIONS INDIA PRIVATE LIMITED,0,0,0,0,0,0,0,0,0,0,0,0,0,0,0,0,0,0,1,2,1,0,0,0,0,0
20250618-1423-1505-5094-fd997c6fed5c,20250618-1423-1505-5094-fd997c6fed5c,ipaas_standard,D0YG9ZX,IBM,2,1,1,0,0,0,0,0,0,0,0,0,0,0,0,0,0,1,0,0,0,0,0,0,0,0
20251001-0118-5513-1077-ea4b1a083be7,20251001-0118-5513-1077-ea4b1a083be7,ipaas_standard,D0YG9ZX,ASB Resources,0,0,0,2,0,0,1,0,0,0,0,0,0,0,0,0,0,0,0,0,0,0,0,0,0,0
20251010-1821-0721-108a-8b2a13e141bd,20251010-1821-0721-108a-8b2a13e141bd,ipaas_standard,D0YG9ZX,IBM,1,1,0,0,0,0,0,0,0,0,1,0,0,0,0,1,0,0,0,0,0,0,0,0,0,0
20251219-0453-5232-8298-d9e658fc9b3a,#N/A,#N/A,#N/A,SAG,0,0,0,0,0,1,0,0,0,0,0,0,0,0,0,0,2,0,0,0,0,0,0,0,0,0
20260101-1147-3915-60b3-265b9d4b3d42,20260101-1147-3915-60b3-265b9d4b3d42,ipaas_standard,D0YG9ZX,DSM GROUP BUSINESS SERVICES B.V,0,0,0,0,0,2,0,1,0,0,0,0,0,0,0,0,0,0,0,0,0,0,0,0,0,0
20260206-1229-3903-40ca-2d9de95ab320,#N/A,#N/A,#N/A,CrossVista Inc.,0,0,0,0,0,0,0,1,1,1,0,0,0,0,0,0,0,0,0,0,0,0,0,0,0,0
20260212-2035-1274-30b0-425b3133ee07,#N/A,#N/A,#N/A,Mainsoft,0,0,0,0,0,0,1,1,0,0,0,0,0,1,0,0,0,0,0,0,0,0,0,0,0,0
20260302-1844-1194-10a4-183a6b4ba13a,20260302-1844-1194-10a4-183a6b4ba13a,ipaas_standard,D0YG9ZX,GBM,0,0,0,0,0,0,0,0,0,0,0,0,0,0,1,0,0,0,0,0,0,0,0,0,1,1
20260312-1327-3177-82ba-2e6d5336460b,#N/A,#N/A,#N/A,IBM,0,0,0,1,0,0,1,1,0,0,0,0,0,0,0,0,0,0,0,0,0,0,0,0,0,0
20260313-2125-5552-1069-b389dfcfa712,20260313-2125-5552-1069-b389dfcfa712,ipaas_standard,D0YG9ZX,IBM India Pvt Ltd,2,0,2,0,0,0,0,0,0,0,1,0,0,0,0,0,0,0,0,0,0,0,0,0,0,0
20260326-2123-3350-60f4-1681c551a106,#N/A,#N/A,#N/A,IBM,1,0,1,1,0,0,0,1,0,0,0,0,0,0,0,0,0,0,0,0,0,0,0,0,0,0
20260331-1047-2530-20f5-52d79c6ec6e6,#N/A,#N/A,#N/A,PROLIFICS CORPORATION PRIVATE,0,0,0,2,1,0,0,0,0,0,0,0,0,0,0,0,0,0,0,0,0,0,0,0,0,0
20260331-1856-4930-00b4-1393f6e5964b,#N/A,#N/A,#N/A,"IBM de México, Comercializació",0,0,0,2,0,1,0,0,0,0,0,0,0,0,0,0,0,0,0,0,0,0,0,0,0,0
20260402-1454-1414-10fc-2b29b6400e02,#N/A,#N/A,#N/A,GE Aerospace,0,0,0,1,1,0,1,0,0,0,0,0,0,0,0,0,0,0,0,0,0,0,0,0,0,0
20260420-1045-4404-0031-3f19f096ab77,#N/A,#N/A,#N/A,____ IR_____,0,0,0,0,0,0,1,0,0,1,1,0,0,0,0,0,0,0,0,0,0,0,0,0,0,0
20260504-0844-5360-502a-d65202f1faf7,#N/A,#N/A,#N/A,prolifics,0,0,0,0,0,0,0,0,1,1,1,0,0,0,0,0,0,0,0,0,0,0,0,0,0,0
20260512-1238-5998-50fc-2b2e7aa5f908,#N/A,#N/A,#N/A,International Business Machine,0,0,0,0,0,0,0,0,0,1,1,0,1,0,0,0,0,0,0,0,0,0,0,0,0,0
20260527-1814-5841-7034-98f10aed9669,#N/A,#N/A,#N/A,International Business Machine,0,0,0,0,0,0,0,0,0,0,0,1,1,1,0,0,0,0,0,0,0,0,0,0,0,0
20260612-1238-2208-1045-9d4265288dc6,#N/A,#N/A,#N/A,IBM INDIA PRIVATE LIMITED,0,0,0,0,0,0,0,0,0,0,0,0,0,2,1,0,0,0,0,0,0,0,0,0,0,0
20260625-0832-1112-4021-cd7b857547c5,#N/A,#N/A,#N/A,IBM Malaysia Sdn Bhd,0,0,0,0,0,0,0,0,0,0,0,0,0,0,0,2,1,0,0,0,0,0,0,0,0,0
20250321-0431-2330-106b-489effa8963b,20250321-0431-2330-106b-489effa8963b,ipaas_standard,D0YG9ZX,IBM,0,0,0,0,0,0,0,0,0,0,0,1,1,0,0,0,0,0,0,0,0,0,0,0,0,0
20250606-1641-5726-6041-d7509f220393,20250606-1641-5726-6041-d7509f220393,ipaas_standard,D0YG9ZX,SAG,0,0,0,0,0,0,0,0,0,0,0,2,0,0,0,0,0,0,0,0,0,0,0,0,0,0
20250617-1139-1776-1086-682f6236c867,20250617-1139-1776-1086-682f6236c867,ipaas_standard,D0YG9ZX,IBM,0,0,0,1,0,0,0,0,0,1,0,0,0,0,0,0,0,0,0,0,0,0,0,0,0,0
20251024-1617-0373-40b4-29bf15077c8c,20251024-1617-0373-40b4-29bf15077c8c,ipaas_standard,D0YG9ZX,Pragma Edge,0,0,0,0,0,0,0,0,0,0,0,0,1,0,1,0,0,0,0,0,0,0,0,0,0,0
20251217-1452-2126-30d3-e61984cd4577,#N/A,#N/A,#N/A,IBM,0,0,0,0,0,1,0,1,0,0,0,0,0,0,0,0,0,0,0,0,0,0,0,0,0,0
20251223-1822-4407-603e-e1b6bd04daeb,#N/A,#N/A,#N/A,UBER FREIGHT US LLC,0,0,0,0,0,1,0,1,0,0,0,0,0,0,0,0,0,0,0,0,0,0,0,0,0,0
20260102-1453-5155-507d-93a8e0e249a5,20260102-1453-5155-507d-93a8e0e249a5,ipaas_standard,D0YG9ZX,FSFB,0,0,0,0,0,1,1,0,0,0,0,0,0,0,0,0,0,0,0,0,0,0,0,0,0,0
20260226-1718-3033-9051-f1effb2d78cc,#N/A,#N/A,#N/A,Ibm,2,1,1,0,0,0,0,0,0,0,0,0,0,0,0,0,0,0,0,0,0,0,0,0,0,0
20260227-2106-3865-90ea-0fd6c6bbf7d3,#N/A,#N/A,#N/A,Phillips66,2,1,1,0,0,0,0,0,0,0,0,0,0,0,0,0,0,0,0,0,0,0,0,0,0,0
20260303-2046-5654-007a-ae153ba3ae30,#N/A,#N/A,#N/A,ibm,0,0,0,0,2,0,0,0,0,0,0,0,0,0,0,0,0,0,0,0,0,0,0,0,0,0
20260305-1001-5168-202b-a5e8fd5f730f,#N/A,#N/A,#N/A,Accenture SpA,2,1,1,0,0,0,0,0,0,0,0,0,0,0,0,0,0,0,0,0,0,0,0,0,0,0
20260309-1416-2966-00e9-3491092fe24f,#N/A,#N/A,#N/A,Harmonigate,2,1,1,0,0,0,0,0,0,0,0,0,0,0,0,0,0,0,0,0,0,0,0,0,0,0
20260309-2114-3149-8031-85ec798e9a31,#N/A,#N/A,#N/A,IBM de Chile S.A.C.,1,1,0,1,0,0,0,0,0,0,0,0,0,0,0,0,0,0,0,0,0,0,0,0,0,0
20260313-1441-0544-90aa-e6e505f4267b,#N/A,#N/A,#N/A,ACCENTURE TECHNOLOGY SOLUTIONS,2,1,1,0,0,0,0,0,0,0,0,0,0,0,0,0,0,0,0,0,0,0,0,0,0,0
20260316-0524-4845-905f-45486ebe0aa2,#N/A,#N/A,#N/A,INCTURE TECHNOLOGIES PRIVATE L,1,1,0,0,0,1,0,0,0,0,0,0,0,0,0,0,0,0,0,0,0,0,0,0,0,0
20260408-0250-4872-60a6-c0c1c5a4ad5f,#N/A,#N/A,#N/A,IBM,0,0,0,0,1,0,0,0,1,0,0,0,0,0,0,0,0,0,0,0,0,0,0,0,0,0
20260408-0611-1491-907e-c6f3aa97a1cf,#N/A,#N/A,#N/A,TORRY HARRIS BUSINESS SOLUTION,0,0,0,0,1,0,0,0,1,0,0,0,0,0,0,0,0,0,0,0,0,0,0,0,0,0
20260413-1846-4169-70f6-ef494b9f51d3,20260413-1846-4169-70f6-ef494b9f51d3,ipaas_standard,D0YG9ZX,Promigas,0,0,0,0,0,0,0,0,0,0,0,0,0,0,0,1,0,0,0,1,0,0,0,0,0,0
20260420-1426-0516-60f1-5c1a0ca4c73c,#N/A,#N/A,#N/A,eBase Solutions,0,0,0,0,0,0,1,0,1,0,0,0,0,0,0,0,0,0,0,0,0,0,0,0,0,0
20260422-0648-0720-904b-c1d880b14184,#N/A,#N/A,#N/A,vkraft software services,0,0,0,0,0,0,0,0,1,1,0,0,0,0,0,0,0,0,0,0,0,0,0,0,0,0
20260422-1800-4051-8204-76ec693f4055,#N/A,#N/A,#N/A,ibm,0,0,0,0,0,0,1,1,0,0,0,0,0,0,0,0,0,0,0,0,0,0,0,0,0,0
20260430-1846-3169-1048-2b268e3c86fa,20260430-1846-3169-1048-2b268e3c86fa,ipaas_standard,D0YG9ZX,Promigas,0,0,0,0,0,0,0,0,1,0,0,0,0,1,0,0,0,0,0,0,0,0,0,0,0,0
20260506-0715-3400-70a3-6d229f6cb106,#N/A,#N/A,#N/A,ENVISION GLOBAL LIMITED,0,0,0,0,0,0,0,0,0,0,2,0,0,0,0,0,0,0,0,0,0,0,0,0,0,0
20260507-1640-3380-4044-38de4c7a94b8,#N/A,#N/A,#N/A,RSA ACTUARIAL SERVICES (INDIA),0,0,0,0,0,0,0,0,1,1,0,0,0,0,0,0,0,0,0,0,0,0,0,0,0,0
20260512-0552-2758-40a1-a8eebcac7373,#N/A,#N/A,#N/A,EIDIKO SYSTEMS INTEGRATORS PRI,0,0,0,0,0,0,0,0,0,1,1,0,0,0,0,0,0,0,0,0,0,0,0,0,0,0
20260513-0653-1727-90c1-97d45d02dc7c,#N/A,#N/A,#N/A,JobLogic,0,0,0,0,0,0,0,0,0,1,0,0,0,1,0,0,0,0,0,0,0,0,0,0,0,0
20260513-1356-2592-3034-b4f5811889a7,#N/A,#N/A,#N/A,United States Gypsum Company,0,0,0,0,0,0,0,0,0,1,0,0,1,0,0,0,0,0,0,0,0,0,0,0,0,0
20260519-1229-1956-4068-bd5a78f69a4c,#N/A,#N/A,#N/A,Abu Dhabi Department of Community Development,0,0,0,0,0,0,0,0,0,0,1,0,1,0,0,0,0,0,0,0,0,0,0,0,0,0
20260603-0850-0726-5013-ab73fa19ffaf,#N/A,#N/A,#N/A,N-ABLE (PVT) LTD,0,0,0,0,0,0,0,0,0,0,0,0,1,0,1,0,0,0,0,0,0,0,0,0,0,0
20260607-0933-5946-002d-d58de3b244a7,#N/A,#N/A,#N/A,MAGIC SOFTWARE (THAILAND) CORP,0,0,0,0,0,0,0,0,0,0,0,0,0,1,0,0,1,0,0,0,0,0,0,0,0,0
20260609-1014-0267-4011-a896f828930f,#N/A,#N/A,#N/A,IBM,0,0,0,0,0,0,0,0,0,0,0,0,0,0,2,0,0,0,0,0,0,0,0,0,0,0
20260612-1352-2557-70a6-f1f5044936f5,#N/A,#N/A,#N/A,IBM INDIA PRIVATE LIMITED,0,0,0,0,0,0,0,0,0,0,0,0,0,2,0,0,0,0,0,0,0,0,0,0,0,0
20260612-1545-0634-20a0-4c04786faf70,#N/A,#N/A,#N/A,i1solutions,0,0,0,0,0,0,0,0,0,0,0,0,0,0,1,1,0,0,0,0,0,0,0,0,0,0
20260618-1654-0692-4073-2f20529b8064,#N/A,#N/A,#N/A,SOAINT,0,0,0,0,0,0,0,0,0,0,0,0,0,0,1,0,0,1,0,0,0,0,0,0,0,0
20260622-1159-2238-00a6-f4e9342723a9,#N/A,#N/A,#N/A,UNIPARTS INDIA LIMITED,0,0,0,0,0,0,0,0,0,0,0,0,0,0,0,2,0,0,0,0,0,0,0,0,0,0
20260624-1523-5002-004c-2ee238c9a079,#N/A,#N/A,#N/A,MIRACLE SOFTWARE SYSTEMS (INDI,0,0,0,0,0,0,0,0,0,0,0,0,0,0,0,1,1,0,0,0,0,0,0,0,0,0
20260626-0621-0788-505b-f128073f3602,#N/A,#N/A,#N/A,INCTURE TECHNOLOGIES PRIVATE LIMITED,0,0,0,0,0,0,0,0,0,0,0,0,0,0,0,1,1,0,0,0,0,0,0,0,0,0
20260710-0428-5973-508f-0f7daaa7f5ed,#N/A,#N/A,#N/A,________,0,0,0,0,0,0,0,0,0,0,0,0,0,0,0,0,0,1,0,1,0,0,0,0,0,0
20260721-1047-4900-007b-60a4444bf07e,#N/A,#N/A,#N/A,PRONTEFF IT SOLUTIONS PRIVATE LIMITED,0,0,0,0,0,0,0,0,0,0,0,0,0,0,0,0,0,0,0,1,1,0,0,0,0,0
20260805-2018-0908-70c5-c2472fb813d8,20260805-2018-0908-70c5-c2472fb813d8,ipaas_standard,D0YG9ZX,#N/A,0,0,0,0,0,0,0,0,0,0,0,0,0,0,0,0,0,0,0,0,0,0,1,0,1,0
20260812-1415-5644-823b-ecc62e3dbc86,#N/A,#N/A,#N/A,#N/A,0,0,0,0,0,0,0,0,0,0,0,0,0,0,0,0,0,0,0,0,0,0,0,2,0,0
20260827-1932-4967-008a-19ff773724fe,20260827-1932-4967-008a-19ff773724fe,ipaas_trial,IPAAS_AWS_TRIAL,#N/A,0,0,0,0,0,0,0,0,0,0,0,0,0,0,0,0,0,0,0,0,0,0,0,0,0,2
20250604-1530-2238-3017-13de6a2693d0,#N/A,#N/A,#N/A,IBM,1,0,1,0,0,0,0,0,0,0,0,0,0,0,0,0,0,0,0,0,0,0,0,0,0,0
20250717-1943-3799-9047-6dfef01c11aa,20250717-1943-3799-9047-6dfef01c11aa,ipaas_standard,D0YG9ZX,IBM,0,0,0,0,1,0,0,0,0,0,0,0,0,0,0,0,0,0,0,0,0,0,0,0,0,0
20250831-0000-1324-2001-8927277e5546,20250831-0000-1324-2001-8927277e5546,ipaas_standard,D0YG9ZX,Dp World Antwerp Holding,0,0,0,0,0,0,0,0,0,0,0,0,1,0,0,0,0,0,0,0,0,0,0,0,0,0
20250923-1128-1196-00f3-99ebe8c4fa41,20250923-1128-1196-00f3-99ebe8c4fa41,ipaas_standard,D0YG9ZX,______ ______ _______ ______,0,0,0,0,0,0,0,0,0,0,0,0,0,0,0,0,0,0,0,0,0,1,0,0,0,0
20251028-1256-0324-106d-8bb671591a31,20251028-1256-0324-106d-8bb671591a31,ipaas_standard,D0YG9ZX,FLEXIS,0,0,0,0,0,0,0,0,0,0,0,0,0,0,0,0,0,0,0,0,0,0,1,0,0,0
20251208-1838-4245-30a8-9ca84808168b,20251208-1838-4245-30a8-9ca84808168b,ipaas_standard,D0YG9ZX,CoEnterprise,1,1,0,0,0,0,0,0,0,0,0,0,0,0,0,0,0,0,0,0,0,0,0,0,0,0
20251212-1538-2248-60b7-7b0841327079,#N/A,#N/A,#N/A,IBM,1,1,0,0,0,0,0,0,0,0,0,0,0,0,0,0,0,0,0,0,0,0,0,0,0,0
20251215-2240-1750-72c7-afbb23462bf7,#N/A,#N/A,#N/A,IBM,0,0,0,0,0,1,0,0,0,0,0,0,0,0,0,0,0,0,0,0,0,0,0,0,0,0
20251217-1739-1303-02ec-70eb911d6a8f,#N/A,#N/A,#N/A,IBM,0,0,0,0,0,0,0,0,0,0,0,1,0,0,0,0,0,0,0,0,0,0,0,0,0,0
20251218-1444-2398-320a-7b2bbf6664b5,#N/A,#N/A,#N/A,IBM United Kingdom Ltd.,0,0,0,0,0,1,0,0,0,0,0,0,0,0,0,0,0,0,0,0,0,0,0,0,0,0
20251219-2218-5049-90b7-899efb68cf0a,20251219-2218-5049-90b7-899efb68cf0a,ipaas_standard,D0YG9ZX,Cadena Comercial OXXO S.A. de,0,0,0,0,0,0,0,0,0,0,1,0,0,0,0,0,0,0,0,0,0,0,0,0,0,0
20251230-0000-1207-407b-b3a7c6370637,20251230-0000-1207-407b-b3a7c6370637,ipaas_standard,D0YG9ZX,LYNTIA NETWORKS S.A.U,0,0,0,0,0,0,0,0,0,0,0,0,0,0,0,0,0,0,0,0,0,1,0,0,0,0
20251231-2147-0766-0074-fd8a7deb3aa3,20251231-2147-0766-0074-fd8a7deb3aa3,ipaas_standard,D0YG9ZX,THERMO FISHER SCIENTIFIC INC,0,0,0,0,0,0,0,0,0,0,1,0,0,0,0,0,0,0,0,0,0,0,0,0,0,0
20260106-0909-2791-526c-1e8afd740e24,#N/A,#N/A,#N/A,Colruyt Group nv,0,0,0,0,0,0,0,0,0,0,0,0,1,0,0,0,0,0,0,0,0,0,0,0,0,0
20260112-2128-2975-60e5-a578fc5a0057,#N/A,#N/A,#N/A,PSW Digital (AREZZO&CO),1,0,1,0,0,0,0,0,0,0,0,0,0,0,0,0,0,0,0,0,0,0,0,0,0,0
20260306-2131-2122-0008-a4f1644f9806,#N/A,#N/A,#N/A,TALY FOR DIGITAL PAYMENTS,0,0,0,1,0,0,0,0,0,0,0,0,0,0,0,0,0,0,0,0,0,0,0,0,0,0
20260310-1949-1946-4049-40fbb0737af6,#N/A,#N/A,#N/A,GUILD SYSTEMS INC,1,1,0,0,0,0,0,0,0,0,0,0,0,0,0,0,0,0,0,0,0,0,0,0,0,0
20260312-1226-5239-6071-c5a7b24d3800,#N/A,#N/A,#N/A,IBM Bulgaria,1,0,1,0,0,0,0,0,0,0,0,0,0,0,0,0,0,0,0,0,0,0,0,0,0,0
20260313-1258-5673-90d9-655dde5281bb,#N/A,#N/A,#N/A,NOKIA SOLUTIONS AND NETWORKS I,1,0,1,0,0,0,0,0,0,0,0,0,0,0,0,0,0,0,0,0,0,0,0,0,0,0
20260315-1454-4100-902b-b5fbbd996cad,#N/A,#N/A,#N/A,Altea TS s.r.l.,1,1,0,0,0,0,0,0,0,0,0,0,0,0,0,0,0,0,0,0,0,0,0,0,0,0
20260316-0523-3661-004a-f0e0abb1f537,#N/A,#N/A,#N/A,INCTURE TECHNOLOGIES PRIVATE L,1,1,0,0,0,0,0,0,0,0,0,0,0,0,0,0,0,0,0,0,0,0,0,0,0,0
20260316-0904-4126-50a5-6d55844107d9,#N/A,#N/A,#N/A,INCTURE TECHNOLOGIES PRIVATE L,0,0,0,0,0,1,0,0,0,0,0,0,0,0,0,0,0,0,0,0,0,0,0,0,0,0
20260318-0111-5588-6026-2778fc05a1b8,#N/A,#N/A,#N/A,Rockplace Inc.,1,1,0,0,0,0,0,0,0,0,0,0,0,0,0,0,0,0,0,0,0,0,0,0,0,0
20260322-1000-0497-60a1-59c2e63affc0,#N/A,#N/A,#N/A,ERICSSON INDIA PRIVATE LIMITED,1,1,0,0,0,0,0,0,0,0,0,0,0,0,0,0,0,0,0,0,0,0,0,0,0,0
20260323-0501-2128-800e-52119860e38e,#N/A,#N/A,#N/A,RESPONSENET CONSULTANCY,1,0,1,0,0,0,0,0,0,0,0,0,0,0,0,0,0,0,0,0,0,0,0,0,0,0
20260323-0504-4974-10e6-ec3cdd5ca0ae,#N/A,#N/A,#N/A,RESPONSENET CONSULTANCY,1,0,1,0,0,0,0,0,0,0,0,0,0,0,0,0,0,0,0,0,0,0,0,0,0,0
20260323-0630-5743-4000-aa26caeb53a1,#N/A,#N/A,#N/A,IBM INDIA PRIVATE LIMITED,1,0,1,0,0,0,0,0,0,0,0,0,0,0,0,0,0,0,0,0,0,0,0,0,0,0
20260323-0953-1724-708f-548d20e7556a,#N/A,#N/A,#N/A,TORRY HARRIS BUSINESS SOLUTION,1,0,1,0,0,0,0,0,0,0,0,0,0,0,0,0,0,0,0,0,0,0,0,0,0,0
20260323-2308-3218-7035-5ea8c1be71c9,#N/A,#N/A,#N/A,FCamara,1,0,1,0,0,0,0,0,0,0,0,0,0,0,0,0,0,0,0,0,0,0,0,0,0,0
20260324-0641-3729-5054-219e869540ca,#N/A,#N/A,#N/A,Taxilla IT Solutions,1,0,1,0,0,0,0,0,0,0,0,0,0,0,0,0,0,0,0,0,0,0,0,0,0,0
20260324-0816-0465-10cf-166a120dc3e8,#N/A,#N/A,#N/A,PROLIFICS CORPORATION PRIVATE,1,0,1,0,0,0,0,0,0,0,0,0,0,0,0,0,0,0,0,0,0,0,0,0,0,0
20260324-1450-1856-30e2-f9f6d3186fde,#N/A,#N/A,#N/A,MSCS,0,0,0,0,0,0,1,0,0,0,0,0,0,0,0,0,0,0,0,0,0,0,0,0,0,0
20260325-1737-1851-80ec-47a51753cbb2,#N/A,#N/A,#N/A,IBM Canada Limited,1,0,1,0,0,0,0,0,0,0,0,0,0,0,0,0,0,0,0,0,0,0,0,0,0,0
20260326-1101-5606-00ad-86e0fdd46461,#N/A,#N/A,#N/A,EIDIKO SYSTEMS INTEGRATORS PRI,1,0,1,0,0,0,0,0,0,0,0,0,0,0,0,0,0,0,0,0,0,0,0,0,0,0
20260326-1556-5084-20c1-5feb9dd2a16d,#N/A,#N/A,#N/A,IBM,1,0,1,0,0,0,0,0,0,0,0,0,0,0,0,0,0,0,0,0,0,0,0,0,0,0
20260326-2217-3012-708e-f3f3ba17b4f5,#N/A,#N/A,#N/A,SOAINT,1,0,1,0,0,0,0,0,0,0,0,0,0,0,0,0,0,0,0,0,0,0,0,0,0,0
20260327-1015-4054-406e-4edc51d021aa,#N/A,#N/A,#N/A,IBM,0,0,0,1,0,0,0,0,0,0,0,0,0,0,0,0,0,0,0,0,0,0,0,0,0,0
20260328-0405-3299-8006-e79f4ec1af58,#N/A,#N/A,#N/A,PERSISTENT SYSTEMS LIMITED,1,0,1,0,0,0,0,0,0,0,0,0,0,0,0,0,0,0,0,0,0,0,0,0,0,0
20260329-2132-1387-9058-66d75e0196fc,#N/A,#N/A,#N/A,Capgemini,1,0,1,0,0,0,0,0,0,0,0,0,0,0,0,0,0,0,0,0,0,0,0,0,0,0
20260330-0723-4533-60a1-48de70631326,#N/A,#N/A,#N/A,WIPRO LIMITED,0,0,0,1,0,0,0,0,0,0,0,0,0,0,0,0,0,0,0,0,0,0,0,0,0,0
20260330-1123-0013-7014-49485307dc0a,#N/A,#N/A,#N/A,TRYAMSOFT SOLUTIONS PRIVATE LI,0,0,0,1,0,0,0,0,0,0,0,0,0,0,0,0,0,0,0,0,0,0,0,0,0,0
20260331-1442-0396-303c-cffe9f39d77b,#N/A,#N/A,#N/A,cloud37 Beteiligungs GmbH,0,0,0,1,0,0,0,0,0,0,0,0,0,0,0,0,0,0,0,0,0,0,0,0,0,0
20260331-1934-3203-4076-69066269eac7,#N/A,#N/A,#N/A,Getecsa,0,0,0,1,0,0,0,0,0,0,0,0,0,0,0,0,0,0,0,0,0,0,0,0,0,0
20260401-0247-5633-403a-c0fd93fe0a21,20260401-0247-5633-403a-c0fd93fe0a21,ipaas_standard,D0YG9ZX,Coopeuch,0,0,0,0,0,0,0,0,0,0,0,0,0,1,0,0,0,0,0,0,0,0,0,0,0,0
20260401-0416-0209-20cc-3aa730df42e9,#N/A,#N/A,#N/A,"Cadena Comercial Oxxo, S.A. de",0,0,0,1,0,0,0,0,0,0,0,0,0,0,0,0,0,0,0,0,0,0,0,0,0,0
20260401-0540-0918-5003-3cf608e61cc1,#N/A,#N/A,#N/A,INCTURE TECHNOLOGIES PRIVATE L,0,0,0,0,0,1,0,0,0,0,0,0,0,0,0,0,0,0,0,0,0,0,0,0,0,0
20260401-1640-4128-605c-6aee1d81be2b,20260401-1640-4128-605c-6aee1d81be2b,ipaas_standard,D0YG9ZX,DHL DGF,0,0,0,0,0,0,0,0,0,0,0,0,0,0,0,1,0,0,0,0,0,0,0,0,0,0
20260402-0100-5470-50c0-87019b75e086,#N/A,#N/A,#N/A,_________________,0,0,0,0,1,0,0,0,0,0,0,0,0,0,0,0,0,0,0,0,0,0,0,0,0,0
20260402-1437-4503-7071-9b4b46190eed,#N/A,#N/A,#N/A,HIBLAZE India Pvt Ltd,0,0,0,1,0,0,0,0,0,0,0,0,0,0,0,0,0,0,0,0,0,0,0,0,0,0
20260402-1729-4254-4050-b42fa39f648a,#N/A,#N/A,#N/A,TATA CONSULTANCY SERVICES LIMI,0,0,0,1,0,0,0,0,0,0,0,0,0,0,0,0,0,0,0,0,0,0,0,0,0,0
20260402-2311-2142-2066-9819f405ccc6,#N/A,#N/A,#N/A,anotik,0,0,0,1,0,0,0,0,0,0,0,0,0,0,0,0,0,0,0,0,0,0,0,0,0,0
20260403-0646-3185-7058-3dc1df31966b,#N/A,#N/A,#N/A,ACCENTURE OPERATIONS SERVICES,0,0,0,1,0,0,0,0,0,0,0,0,0,0,0,0,0,0,0,0,0,0,0,0,0,0
20260403-0840-4235-90b5-04c5aafc1302,#N/A,#N/A,#N/A,NA,0,0,0,1,0,0,0,0,0,0,0,0,0,0,0,0,0,0,0,0,0,0,0,0,0,0
20260403-1247-5192-10d5-e1d6b0b87fec,#N/A,#N/A,#N/A,KIASUTERA SDN. BHD.,0,0,0,1,0,0,0,0,0,0,0,0,0,0,0,0,0,0,0,0,0,0,0,0,0,0
20260406-0134-5762-0071-b15fc6c4e017,#N/A,#N/A,#N/A,BAMU,0,0,0,0,1,0,0,0,0,0,0,0,0,0,0,0,0,0,0,0,0,0,0,0,0,0
20260406-1607-0854-8012-1bf97cb0a5ea,#N/A,#N/A,#N/A,MIRACLE METALS (INDIA) PRIVATE,0,0,0,0,0,1,0,0,0,0,0,0,0,0,0,0,0,0,0,0,0,0,0,0,0,0
20260407-0120-4475-30ed-efeb07c79f72,#N/A,#N/A,#N/A,IBM,0,0,0,0,1,0,0,0,0,0,0,0,0,0,0,0,0,0,0,0,0,0,0,0,0,0
20260407-0644-1093-20a6-e9ac1b2bda10,#N/A,#N/A,#N/A,FLAIRS TECH FOR SOFTWARE DEVEL,0,0,0,0,0,0,0,0,1,0,0,0,0,0,0,0,0,0,0,0,0,0,0,0,0,0
20260407-1011-0843-30d3-2afb0e96377b,#N/A,#N/A,#N/A,MIRACLE METALS (INDIA) PRIVATE,0,0,0,0,0,1,0,0,0,0,0,0,0,0,0,0,0,0,0,0,0,0,0,0,0,0
20260407-2011-1727-5055-b5fb7aa15131,#N/A,#N/A,#N/A,IBM,0,0,0,0,1,0,0,0,0,0,0,0,0,0,0,0,0,0,0,0,0,0,0,0,0,0
20260408-0126-2130-60ec-139f6f5e4da0,#N/A,#N/A,#N/A,Comerstone consulting,0,0,0,0,1,0,0,0,0,0,0,0,0,0,0,0,0,0,0,0,0,0,0,0,0,0
20260408-0227-4314-708e-e5cfa2e3d32f,#N/A,#N/A,#N/A,comp,0,0,0,0,1,0,0,0,0,0,0,0,0,0,0,0,0,0,0,0,0,0,0,0,0,0
20260408-0920-4172-807f-b031db06a92e,#N/A,#N/A,#N/A,TECH MAHINDRA LIMITED,0,0,0,0,0,1,0,0,0,0,0,0,0,0,0,0,0,0,0,0,0,0,0,0,0,0
20260408-1219-2448-0040-26a0160b54b7,#N/A,#N/A,#N/A,TORRY HARRIS BUSINESS SOLUTION,0,0,0,0,0,0,0,1,0,0,0,0,0,0,0,0,0,0,0,0,0,0,0,0,0,0
20260408-1706-4238-7018-c0b4aab49fd9,#N/A,#N/A,#N/A,AVNIYA CLOUD SOLUTIONS PRIVATE,0,0,0,0,1,0,0,0,0,0,0,0,0,0,0,0,0,0,0,0,0,0,0,0,0,0
20260410-0538-0752-60ad-8ec12d739fdf,#N/A,#N/A,#N/A,TORRY HARRIS BUSINESS SOLUTION,0,0,0,0,1,0,0,0,0,0,0,0,0,0,0,0,0,0,0,0,0,0,0,0,0,0
20260413-0653-1449-500c-dc066bf4c1d3,#N/A,#N/A,#N/A,Sharjah Digital Department,0,0,0,0,0,1,0,0,0,0,0,0,0,0,0,0,0,0,0,0,0,0,0,0,0,0
20260413-0734-3240-3083-e50c3a1b3eeb,#N/A,#N/A,#N/A,Central Provident Fund Board,0,0,0,0,0,1,0,0,0,0,0,0,0,0,0,0,0,0,0,0,0,0,0,0,0,0
20260413-1026-5679-3068-988d084ba7fc,#N/A,#N/A,#N/A,CLOUDGEN SYSTEMS PRIVATE LIMIT,0,0,0,0,0,1,0,0,0,0,0,0,0,0,0,0,0,0,0,0,0,0,0,0,0,0
20260414-0500-2705-8017-05f2ecca31e1,#N/A,#N/A,#N/A,PROLIFICS CORPORATION PRIVATE,0,0,0,0,0,0,0,0,0,1,0,0,0,0,0,0,0,0,0,0,0,0,0,0,0,0
20260414-2207-4245-6052-6d4db41a6a08,#N/A,#N/A,#N/A,ksu,0,0,0,0,0,1,0,0,0,0,0,0,0,0,0,0,0,0,0,0,0,0,0,0,0,0
20260415-0426-0985-500d-889404082f19,#N/A,#N/A,#N/A,TREASURY WINE ESTATES LIMITED,0,0,0,0,0,1,0,0,0,0,0,0,0,0,0,0,0,0,0,0,0,0,0,0,0,0
20260415-0845-0686-6012-d873e4fa70d5,#N/A,#N/A,#N/A,IBM BULGARIA EOOD,0,0,0,0,0,0,0,1,0,0,0,0,0,0,0,0,0,0,0,0,0,0,0,0,0,0
20260415-1502-2757-20a2-26c74b655024,#N/A,#N/A,#N/A,GENERALI,0,0,0,0,0,1,0,0,0,0,0,0,0,0,0,0,0,0,0,0,0,0,0,0,0,0
20260415-1701-2366-9248-552a19b4dadd,#N/A,#N/A,#N/A,IBM,0,0,0,0,0,1,0,0,0,0,0,0,0,0,0,0,0,0,0,0,0,0,0,0,0,0
20260415-2107-2268-80e3-a2714e51d9bd,#N/A,#N/A,#N/A,IBM de Chile S.A.C.,0,0,0,0,0,1,0,0,0,0,0,0,0,0,0,0,0,0,0,0,0,0,0,0,0,0
20260416-0748-3657-9052-d0b65a87419b,#N/A,#N/A,#N/A,MAGIC SOFTWARE (THAILAND) CORP,0,0,0,0,0,0,0,0,0,1,0,0,0,0,0,0,0,0,0,0,0,0,0,0,0,0
20260416-2211-1980-30a5-dc0ee6e8ef53,#N/A,#N/A,#N/A,Aponiente,0,0,0,0,0,1,0,0,0,0,0,0,0,0,0,0,0,0,0,0,0,0,0,0,0,0
20260418-1714-3990-90e4-9c62830764e4,#N/A,#N/A,#N/A,PT. BANK DANAMON INDONESIA TBK,0,0,0,0,0,0,1,0,0,0,0,0,0,0,0,0,0,0,0,0,0,0,0,0,0,0
20260419-0509-3401-30ac-6d61aedad8a6,#N/A,#N/A,#N/A,SmilesAndLaughsForAl,0,0,0,0,0,1,0,0,0,0,0,0,0,0,0,0,0,0,0,0,0,0,0,0,0,0
20260419-1109-5062-6036-6e716d8c0d2b,#N/A,#N/A,#N/A,INCTURE TECHNOLOGIES PRIVATE L,0,0,0,0,0,1,0,0,0,0,0,0,0,0,0,0,0,0,0,0,0,0,0,0,0,0
20260420-0057-4149-105f-52e66be45f53,#N/A,#N/A,#N/A,____,0,0,0,0,0,0,1,0,0,0,0,0,0,0,0,0,0,0,0,0,0,0,0,0,0,0
20260420-0507-3914-2073-a1163277b725,#N/A,#N/A,#N/A,INCTURE TECHNOLOGIES PRIVATE L,0,0,0,0,0,0,1,0,0,0,0,0,0,0,0,0,0,0,0,0,0,0,0,0,0,0
20260420-1909-3512-5094-ce03107be0c7,#N/A,#N/A,#N/A,Calle Alicia entre calle H,0,0,0,0,0,0,1,0,0,0,0,0,0,0,0,0,0,0,0,0,0,0,0,0,0,0
20260425-2057-0772-00b5-53000f778453,#N/A,#N/A,#N/A,Arrietty Solutions Inc.,0,0,0,0,0,0,0,1,0,0,0,0,0,0,0,0,0,0,0,0,0,0,0,0,0,0
20260427-0719-5415-30a6-89696ec49aa2,#N/A,#N/A,#N/A,PERSISTENT SYSTEMS LIMITED,0,0,0,0,0,0,0,0,0,0,0,1,0,0,0,0,0,0,0,0,0,0,0,0,0,0
20260427-1002-4648-903d-9ac7d062706a,#N/A,#N/A,#N/A,INCTURE TECHNOLOGIES PRIVATE L,0,0,0,0,0,0,0,1,0,0,0,0,0,0,0,0,0,0,0,0,0,0,0,0,0,0
20260427-2237-4436-00f2-e29d386d9e2c,#N/A,#N/A,#N/A,Tantivah,0,0,0,0,0,0,0,1,0,0,0,0,0,0,0,0,0,0,0,0,0,0,0,0,0,0
20260429-1152-4780-00f5-464613c9aa99,#N/A,#N/A,#N/A,Incture Technologies,0,0,0,0,0,0,0,1,0,0,0,0,0,0,0,0,0,0,0,0,0,0,0,0,0,0
20260429-2111-5307-50d0-4e4ecd6f651d,20260429-2111-5307-50d0-4e4ecd6f651d,ipaas_standard,D0YG9ZX,IBM,0,0,0,0,0,0,0,0,0,0,0,0,0,0,0,0,0,0,0,0,1,0,0,0,0,0
20260430-1831-0685-5053-89874027ba23,#N/A,#N/A,#N/A,PT MITRA INTEGRASI INFORMATIKA,0,0,0,0,0,0,0,0,0,0,0,0,1,0,0,0,0,0,0,0,0,0,0,0,0,0
20260504-0457-2139-10c4-f84f7a255f31,#N/A,#N/A,#N/A,TORRY HARRIS BUSINESS SOLUTIONS PRIVATE LIMITED,0,0,0,0,0,0,0,0,1,0,0,0,0,0,0,0,0,0,0,0,0,0,0,0,0,0
20260504-0707-1600-00cd-0c31740f2146,#N/A,#N/A,#N/A,PT MII,0,0,0,0,0,0,0,0,1,0,0,0,0,0,0,0,0,0,0,0,0,0,0,0,0,0
20260504-1029-3819-80b0-0e5513691276,#N/A,#N/A,#N/A,PRONTEFF IT SOLUTIONS PRIVATE,0,0,0,0,0,0,0,0,0,0,1,0,0,0,0,0,0,0,0,0,0,0,0,0,0,0
20260504-1610-4579-0078-acfc21bc130c,#N/A,#N/A,#N/A,Miracle Software Systems Inc.,0,0,0,0,0,0,0,0,0,0,0,0,1,0,0,0,0,0,0,0,0,0,0,0,0,0
20260504-1949-0004-40d5-3eb2c7216e60,#N/A,#N/A,#N/A,GULF CONTRACTING CO WLL,0,0,0,0,0,0,0,0,1,0,0,0,0,0,0,0,0,0,0,0,0,0,0,0,0,0
20260505-0729-4340-7022-1a4f76849d0f,#N/A,#N/A,#N/A,DSV AIR & SEA PRIVATE LIMITED,0,0,0,0,0,0,0,0,1,0,0,0,0,0,0,0,0,0,0,0,0,0,0,0,0,0
20260505-1301-2293-60a1-6516f44ce61b,#N/A,#N/A,#N/A,nastel,0,0,0,0,0,0,0,0,1,0,0,0,0,0,0,0,0,0,0,0,0,0,0,0,0,0
20260506-0418-0171-102d-21eb949a220f,#N/A,#N/A,#N/A,TECH MAHINDRA LIMITED,0,0,0,0,0,0,0,0,0,0,1,0,0,0,0,0,0,0,0,0,0,0,0,0,0,0
20260506-1809-5616-6082-5f97f1d667f2,#N/A,#N/A,#N/A,Mainsoft S.A.,0,0,0,0,0,0,0,0,1,0,0,0,0,0,0,0,0,0,0,0,0,0,0,0,0,0
20260507-0456-2139-501e-8dc00cd56083,#N/A,#N/A,#N/A,TORRY HARRIS BUSINESS SOLUTIONS PRIVATE LIMITED,0,0,0,0,0,0,0,0,1,0,0,0,0,0,0,0,0,0,0,0,0,0,0,0,0,0
20260507-0606-3629-60d2-3e4ee33999f1,#N/A,#N/A,#N/A,ERICSSON INDIA PRIVATE LIMITED,0,0,0,0,0,0,0,0,1,0,0,0,0,0,0,0,0,0,0,0,0,0,0,0,0,0
20260507-1114-4748-100b-6012f6cfe317,20260507-1114-4748-100b-6012f6cfe317,ipaas_trial,IPAAS_AWS_TRIAL,NICHEBIT SOFTECH PRIVATE LIMITED,0,0,0,0,0,0,0,0,1,0,0,0,0,0,0,0,0,0,0,0,0,0,0,0,0,0
20260507-1626-5738-70ef-4a06c23c9ee8,#N/A,#N/A,#N/A,RSA ACTUARIAL SERVICES (INDIA),0,0,0,0,0,0,0,0,1,0,0,0,0,0,0,0,0,0,0,0,0,0,0,0,0,0
20260508-1302-1446-6059-445715fe8ad0,#N/A,#N/A,#N/A,Miracle Software Systems Inc.,0,0,0,0,0,0,0,0,0,1,0,0,0,0,0,0,0,0,0,0,0,0,0,0,0,0
20260509-0407-1008-9001-9b1a5a353100,#N/A,#N/A,#N/A,Fraoula,0,0,0,0,0,0,0,0,1,0,0,0,0,0,0,0,0,0,0,0,0,0,0,0,0,0
20260509-1331-4582-2017-8f996a1c906d,#N/A,#N/A,#N/A,Capgemini,0,0,0,0,0,0,0,0,1,0,0,0,0,0,0,0,0,0,0,0,0,0,0,0,0,0
20260509-1555-3992-9059-3b5bde78021e,#N/A,#N/A,#N/A,Inspire for solution developme,0,0,0,0,0,0,0,0,1,0,0,0,0,0,0,0,0,0,0,0,0,0,0,0,0,0
20260509-1733-0867-303b-1644decab59f,#N/A,#N/A,#N/A,Sufian,0,0,0,0,0,0,0,0,1,0,0,0,0,0,0,0,0,0,0,0,0,0,0,0,0,0
20260509-1843-3352-605d-889b0b11dbff,#N/A,#N/A,#N/A,Photon Infotech Inc.,0,0,0,0,0,0,0,0,1,0,0,0,0,0,0,0,0,0,0,0,0,0,0,0,0,0
20260509-1944-0317-90ba-0df1f19227cc,#N/A,#N/A,#N/A,Photon Infotech Inc.,0,0,0,0,0,0,0,0,1,0,0,0,0,0,0,0,0,0,0,0,0,0,0,0,0,0
20260511-1040-4849-0046-934b09d186ae,#N/A,#N/A,#N/A,HONEYWELL AUTOMATION INDIA LIMITED,0,0,0,0,0,0,0,0,0,1,0,0,0,0,0,0,0,0,0,0,0,0,0,0,0,0
20260511-1048-2125-301d-024f99fef020,#N/A,#N/A,#N/A,IBM,0,0,0,0,0,0,0,0,0,1,0,0,0,0,0,0,0,0,0,0,0,0,0,0,0,0
20260512-0610-5374-805b-84600c13a78f,#N/A,#N/A,#N/A,HONEYWELL TECHNOLOGY SOLUTIONS,0,0,0,0,0,0,0,0,0,1,0,0,0,0,0,0,0,0,0,0,0,0,0,0,0,0
20260512-1406-3774-90ba-b7df5235a602,#N/A,#N/A,#N/A,Everforth ECS,0,0,0,0,0,0,0,0,0,1,0,0,0,0,0,0,0,0,0,0,0,0,0,0,0,0
20260512-1927-5800-50ab-a3afaf899c91,#N/A,#N/A,#N/A,IBM,0,0,0,0,0,0,0,0,0,1,0,0,0,0,0,0,0,0,0,0,0,0,0,0,0,0
20260513-0850-3397-109d-a3f2ef8cd529,#N/A,#N/A,#N/A,PALMIRA SOFTWARE HOUSE L.L.C,0,0,0,0,0,0,0,0,0,1,0,0,0,0,0,0,0,0,0,0,0,0,0,0,0,0
20260514-0450-1300-804e-71f578250237,#N/A,#N/A,#N/A,IBM,0,0,0,0,0,0,0,0,0,1,0,0,0,0,0,0,0,0,0,0,0,0,0,0,0,0
20260514-1236-0931-10d2-644a6902814a,#N/A,#N/A,#N/A,FRAOULA TECH PRIVATE LIMITED,0,0,0,0,0,0,0,0,0,1,0,0,0,0,0,0,0,0,0,0,0,0,0,0,0,0
20260514-1339-0363-706e-0cab26fc31ee,#N/A,#N/A,#N/A,COGNIZANT TECHNOLOGY SOLUTIONS INDIA PRIVATE LIMITED,0,0,0,0,0,0,0,0,0,1,0,0,0,0,0,0,0,0,0,0,0,0,0,0,0,0
20260515-1517-4319-5023-cf24a4a67600,#N/A,#N/A,#N/A,IBM,0,0,0,0,0,0,0,0,0,1,0,0,0,0,0,0,0,0,0,0,0,0,0,0,0,0
20260515-2330-2652-90cf-8842704b188a,#N/A,#N/A,#N/A,"Afirme Grupo Financiero, S.A. de C.V.",0,0,0,0,0,0,0,0,0,1,0,0,0,0,0,0,0,0,0,0,0,0,0,0,0,0
20260518-0505-1253-208a-5d2fab5e4fcc,#N/A,#N/A,#N/A,MINISTRY OF FINANCE,0,0,0,0,0,0,0,0,0,0,1,0,0,0,0,0,0,0,0,0,0,0,0,0,0,0
20260519-0016-2915-204e-3a837f95d3ed,#N/A,#N/A,#N/A,Jemena,0,0,0,0,0,0,0,0,0,0,1,0,0,0,0,0,0,0,0,0,0,0,0,0,0,0
20260519-0055-5972-600e-c0792a931ebd,#N/A,#N/A,#N/A,____ IR_____,0,0,0,0,0,0,0,0,0,0,1,0,0,0,0,0,0,0,0,0,0,0,0,0,0,0
20260519-0240-1766-400d-83e9042171a6,#N/A,#N/A,#N/A,MBIXTECH,0,0,0,0,0,0,0,0,0,0,1,0,0,0,0,0,0,0,0,0,0,0,0,0,0,0
20260519-0651-3625-00bc-d978110fec34,#N/A,#N/A,#N/A,NETWAYS FZ-LLC,0,0,0,0,0,0,0,0,0,0,1,0,0,0,0,0,0,0,0,0,0,0,0,0,0,0
20260519-0850-1473-9045-e1c83597f3d2,#N/A,#N/A,#N/A,NGS,0,0,0,0,0,0,0,0,0,0,1,0,0,0,0,0,0,0,0,0,0,0,0,0,0,0
20260519-1050-2906-50c9-fab357310718,#N/A,#N/A,#N/A,CAPGEMINI TECHNOLOGY SERVICES INDIA LIMITED,0,0,0,0,0,0,0,0,0,0,1,0,0,0,0,0,0,0,0,0,0,0,0,0,0,0
20260520-1405-0124-8094-2c4558df2c5c,#N/A,#N/A,#N/A,General Electric Company,0,0,0,0,0,0,0,0,0,0,1,0,0,0,0,0,0,0,0,0,0,0,0,0,0,0
20260520-2214-0808-10a3-4d0a39cfb501,#N/A,#N/A,#N/A,Hipermaxi,0,0,0,0,0,0,0,0,0,0,1,0,0,0,0,0,0,0,0,0,0,0,0,0,0,0
20260521-1654-0632-9057-afb451f12ed6,#N/A,#N/A,#N/A,middlewaretechnologies,0,0,0,0,0,0,0,0,0,0,1,0,0,0,0,0,0,0,0,0,0,0,0,0,0,0
20260521-1858-5367-50d5-8035cf74b886,#N/A,#N/A,#N/A,COGNIZANT TECHNOLOGY SOLUTIONS INDIA PRIVATE LIMITED,0,0,0,0,0,0,0,0,0,0,1,0,0,0,0,0,0,0,0,0,0,0,0,0,0,0
20260523-1554-0344-90a7-b92447b4356a,#N/A,#N/A,#N/A,Blueit,0,0,0,0,0,0,0,0,0,0,1,0,0,0,0,0,0,0,0,0,0,0,0,0,0,0
20260523-2148-3621-102c-bf5cd306ffdb,#N/A,#N/A,#N/A,gzeos,0,0,0,0,0,0,0,0,0,0,0,1,0,0,0,0,0,0,0,0,0,0,0,0,0,0
20260526-0513-3963-5025-a6f38cd6e1de,#N/A,#N/A,#N/A,COGNIZANT TECHNOLOGY SOLUTIONS INDIA PRIVATE LIMITED,0,0,0,0,0,0,0,0,0,0,0,1,0,0,0,0,0,0,0,0,0,0,0,0,0,0
20260527-0515-1664-50aa-d7a94e9aa20f,#N/A,#N/A,#N/A,STRATA RESULTS GROUP PTY LTD,0,0,0,0,0,0,0,0,0,0,0,1,0,0,0,0,0,0,0,0,0,0,0,0,0,0
20260527-1449-0382-30af-04cc856d293b,#N/A,#N/A,#N/A,NA,0,0,0,0,0,0,0,0,0,0,0,1,0,0,0,0,0,0,0,0,0,0,0,0,0,0
20260527-1653-1206-804c-d2b767ccab08,#N/A,#N/A,#N/A,Capgemini Nederland B.V.,0,0,0,0,0,0,0,0,0,0,0,1,0,0,0,0,0,0,0,0,0,0,0,0,0,0
20260527-1711-2228-008a-bde2e51d1174,#N/A,#N/A,#N/A,EXTREME DIGITAL CONSULTORIA E,0,0,0,0,0,0,0,0,0,0,0,1,0,0,0,0,0,0,0,0,0,0,0,0,0,0
20260528-0740-1176-40bd-15c673d42139,#N/A,#N/A,#N/A,IBM ISRAEL-SCIENCE AND TECHNOL,0,0,0,0,0,0,0,0,0,0,0,1,0,0,0,0,0,0,0,0,0,0,0,0,0,0
20260528-0744-4511-90d2-83145d5eea94,#N/A,#N/A,#N/A,IBM,0,0,0,0,0,0,0,0,0,0,0,0,0,0,0,1,0,0,0,0,0,0,0,0,0,0
20260528-0750-0710-109e-8b69de61da9b,#N/A,#N/A,#N/A,MALAM - TEAM LTD,0,0,0,0,0,0,0,0,0,0,0,1,0,0,0,0,0,0,0,0,0,0,0,0,0,0
20260528-1640-2351-8070-901d91874339,#N/A,#N/A,#N/A,IBM,0,0,0,0,0,0,0,0,0,0,0,0,0,0,0,0,0,0,1,0,0,0,0,0,0,0
20260528-2144-5958-10a8-35bcce4abef2,#N/A,#N/A,#N/A,"Estocásticos Consultores, S.A.",0,0,0,0,0,0,0,0,0,0,0,1,0,0,0,0,0,0,0,0,0,0,0,0,0,0
20260528-2150-0113-80ab-77c3ae3e3be6,#N/A,#N/A,#N/A,Apple Inc.,0,0,0,0,0,0,0,0,0,0,0,1,0,0,0,0,0,0,0,0,0,0,0,0,0,0
20260529-0516-4786-4007-46823c970499,#N/A,#N/A,#N/A,TATA CONSULTANCY SERVICES LIMI,0,0,0,0,0,0,0,0,0,0,0,0,0,1,0,0,0,0,0,0,0,0,0,0,0,0
20260529-0638-3311-30bb-45e674b9413f,#N/A,#N/A,#N/A,TATA CONSULTANCY SERVICES LIMI,0,0,0,0,0,0,0,0,0,0,0,1,0,0,0,0,0,0,0,0,0,0,0,0,0,0
20260529-0933-5383-00bd-7c53e820e1cf,#N/A,#N/A,#N/A,IBM,0,0,0,0,0,0,0,0,0,0,0,1,0,0,0,0,0,0,0,0,0,0,0,0,0,0
20260529-0950-1214-60fd-404d2307a6c7,#N/A,#N/A,#N/A,TATA CONSULTANCY SERVICES LIMI,0,0,0,0,0,0,0,0,0,0,0,0,0,1,0,0,0,0,0,0,0,0,0,0,0,0
20260529-1313-0045-7054-0bb278a6f9c5,#N/A,#N/A,#N/A,TATA CONSULTANCY SERVICES LIMITED,0,0,0,0,0,0,0,0,0,0,0,0,1,0,0,0,0,0,0,0,0,0,0,0,0,0
20260529-1650-4253-3047-152c16711647,#N/A,#N/A,#N/A,Googxs,0,0,0,0,0,0,0,0,0,0,0,1,0,0,0,0,0,0,0,0,0,0,0,0,0,0
20260601-0716-4592-6018-0e3f56ed86ee,#N/A,#N/A,#N/A,JAGUAR LAND ROVER INDIA LIMITE,0,0,0,0,0,0,0,0,0,0,0,0,1,0,0,0,0,0,0,0,0,0,0,0,0,0
20260601-1116-2662-60a0-4041d79b00d0,#N/A,#N/A,#N/A,Miracle Software Systems,0,0,0,0,0,0,0,0,0,0,0,0,1,0,0,0,0,0,0,0,0,0,0,0,0,0
20260601-1651-2800-00fe-d04ad467aced,#N/A,#N/A,#N/A,pronteff it solutions,0,0,0,0,0,0,0,0,0,0,0,0,1,0,0,0,0,0,0,0,0,0,0,0,0,0
20260602-0614-3294-2046-9830990485c2,#N/A,#N/A,#N/A,KONGU ENGINEERING COLLEGE,0,0,0,0,0,0,0,0,0,0,0,0,1,0,0,0,0,0,0,0,0,0,0,0,0,0
20260602-1258-0625-207c-ac4d632acaa7,#N/A,#N/A,#N/A,ORANGE BUSINESS SERVICES - OBS,0,0,0,0,0,0,0,0,0,0,0,0,1,0,0,0,0,0,0,0,0,0,0,0,0,0
20260602-1341-1757-40a8-e8324368e99d,#N/A,#N/A,#N/A,0YZ8HJ8 Fujitsu Germany GmbH,0,0,0,0,0,0,0,0,0,0,0,0,1,0,0,0,0,0,0,0,0,0,0,0,0,0
20260602-1424-3203-20d9-0985f7fc3645,#N/A,#N/A,#N/A,PT. PLATINUMETRIX GLOBAL INOVA,0,0,0,0,0,0,0,0,0,0,0,0,1,0,0,0,0,0,0,0,0,0,0,0,0,0
20260602-2024-4186-407e-1c457722a9e6,#N/A,#N/A,#N/A,Tory Burch LLC,0,0,0,0,0,0,0,0,0,0,0,0,1,0,0,0,0,0,0,0,0,0,0,0,0,0
20260602-2350-2475-8017-b0c8d66273db,#N/A,#N/A,#N/A,VENTURE CORPORATION LIMITED,0,0,0,0,0,0,0,0,0,0,0,0,1,0,0,0,0,0,0,0,0,0,0,0,0,0
20260603-0611-0892-3080-e41476292dde,#N/A,#N/A,#N/A,HCL TECHNOLOGIES LIMITED,0,0,0,0,0,0,0,0,0,0,0,0,1,0,0,0,0,0,0,0,0,0,0,0,0,0
20260603-0711-5585-6029-8fc0ce28e30e,#N/A,#N/A,#N/A,IBM SINGAPORE PTE LTD,0,0,0,0,0,0,0,0,0,0,0,0,1,0,0,0,0,0,0,0,0,0,0,0,0,0
20260603-1637-2406-306d-c90245ff3531,#N/A,#N/A,#N/A,PROLIFICS CORPORATION PRIVATE,0,0,0,0,0,0,0,0,0,0,0,0,0,0,1,0,0,0,0,0,0,0,0,0,0,0
20260604-0336-0109-9088-313fa5d308a4,#N/A,#N/A,#N/A,FUJITSU CONSULTING INDIA PRIVA,0,0,0,0,0,0,0,0,0,0,0,0,0,0,1,0,0,0,0,0,0,0,0,0,0,0
20260604-1344-5829-3016-cf9c276356cb,#N/A,#N/A,#N/A,PROLIFICS CORPORATION PRIVATE,0,0,0,0,0,0,0,0,0,0,0,0,0,1,0,0,0,0,0,0,0,0,0,0,0,0
20260604-1704-4177-70bc-aa2442e324f3,#N/A,#N/A,#N/A,TATA CONSULTANCY SERVICES LIMI,0,0,0,0,0,0,0,0,0,0,0,0,1,0,0,0,0,0,0,0,0,0,0,0,0,0
20260608-0913-2735-1035-d339595cfcc2,#N/A,#N/A,#N/A,Cyntexa,0,0,0,0,0,0,0,0,0,0,0,0,0,1,0,0,0,0,0,0,0,0,0,0,0,0
20260608-1207-2524-20c7-aa72963c7bb2,#N/A,#N/A,#N/A,PERSISTENT SYSTEMS LIMITED,0,0,0,0,0,0,0,0,0,0,0,0,0,1,0,0,0,0,0,0,0,0,0,0,0,0
20260609-0546-0064-008b-556b7864f08a,#N/A,#N/A,#N/A,IBM,0,0,0,0,0,0,0,0,0,0,0,0,0,1,0,0,0,0,0,0,0,0,0,0,0,0
20260609-1154-3854-80cd-d7b5ab8a2fe6,#N/A,#N/A,#N/A,PRICEWATERHOUSECOOPERS SERVICE,0,0,0,0,0,0,0,0,0,0,0,0,0,1,0,0,0,0,0,0,0,0,0,0,0,0
20260609-1250-4906-2012-fe7e1e37c7a4,#N/A,#N/A,#N/A,IBM Australia,0,0,0,0,0,0,0,0,0,0,0,0,0,1,0,0,0,0,0,0,0,0,0,0,0,0
20260610-0013-4848-90ae-5b1c816f3ae5,#N/A,#N/A,#N/A,LINFOX AUSTRALIA PTY LTD,0,0,0,0,0,0,0,0,0,0,0,0,0,1,0,0,0,0,0,0,0,0,0,0,0,0
20260610-0537-4977-7007-f4894f677459,#N/A,#N/A,#N/A,PRICEWATERHOUSECOOPERS SERVICE,0,0,0,0,0,0,0,0,0,0,0,0,0,1,0,0,0,0,0,0,0,0,0,0,0,0
20260610-1546-0398-20ee-36984baa5fd9,#N/A,#N/A,#N/A,TATA CONSULTANCY SERVICES ASIA,0,0,0,0,0,0,0,0,0,0,0,0,0,1,0,0,0,0,0,0,0,0,0,0,0,0
20260611-0858-3763-205d-d66d5d1e5ce0,#N/A,#N/A,#N/A,INCTURE TECHNOLOGIES PRIVATE L,0,0,0,0,0,0,0,0,0,0,0,0,0,1,0,0,0,0,0,0,0,0,0,0,0,0
20260611-0901-5468-3090-9ef736d1b8b3,#N/A,#N/A,#N/A,INCTURE TECHNOLOGIES PRIVATE L,0,0,0,0,0,0,0,0,0,0,0,0,0,1,0,0,0,0,0,0,0,0,0,0,0,0
20260611-1236-5305-508f-6f52ee52c6c9,#N/A,#N/A,#N/A,"Anaplan, Inc.",0,0,0,0,0,0,0,0,0,0,0,0,0,1,0,0,0,0,0,0,0,0,0,0,0,0
20260611-1827-5885-5028-d7b95f140020,#N/A,#N/A,#N/A,ABM Industries Incorporated,0,0,0,0,0,0,0,0,0,0,0,0,0,1,0,0,0,0,0,0,0,0,0,0,0,0
20260612-1611-3100-9075-a0004faf5109,#N/A,#N/A,#N/A,__________,0,0,0,0,0,0,0,0,0,0,0,0,0,1,0,0,0,0,0,0,0,0,0,0,0,0
20260616-1056-0718-604c-78dd77984dd2,#N/A,#N/A,#N/A,Autonomo,0,0,0,0,0,0,0,0,0,0,0,0,0,0,1,0,0,0,0,0,0,0,0,0,0,0
20260616-1310-5282-5049-13b5a5e66d62,#N/A,#N/A,#N/A,HCL TECHNOLOGIES LIMITED,0,0,0,0,0,0,0,0,0,0,0,0,0,0,1,0,0,0,0,0,0,0,0,0,0,0
20260616-1721-2078-70fc-32dc8911e8b1,20260616-1721-2078-70fc-32dc8911e8b1,ipaas_standard,D0YG9ZX,Fuller Technologies Denmark A/,0,0,0,0,0,0,0,0,0,0,0,0,0,0,1,0,0,0,0,0,0,0,0,0,0,0
20260617-0843-2112-10bd-5150db6b6d00,#N/A,#N/A,#N/A,digitinary,0,0,0,0,0,0,0,0,0,0,0,0,0,0,1,0,0,0,0,0,0,0,0,0,0,0
20260618-0843-4940-00ee-bcaa660a3a2c,#N/A,#N/A,#N/A,IBM INDIA PRIVATE LIMITED,0,0,0,0,0,0,0,0,0,0,0,0,0,0,1,0,0,0,0,0,0,0,0,0,0,0
20260619-0842-2681-20eb-3781d64aef3b,#N/A,#N/A,#N/A,MailMagnetCO,0,0,0,0,0,0,0,0,0,0,0,0,0,0,1,0,0,0,0,0,0,0,0,0,0,0
20260619-1801-5761-3054-60f64520ce80,#N/A,#N/A,#N/A,Relock,0,0,0,0,0,0,0,0,0,0,0,0,0,0,1,0,0,0,0,0,0,0,0,0,0,0
20260620-0758-3912-701b-4f2820ba7d0c,#N/A,#N/A,#N/A,MOHAMED HAMZA MORSY MOHAMED AN,0,0,0,0,0,0,0,0,0,0,0,0,0,0,1,0,0,0,0,0,0,0,0,0,0,0
20260620-1702-5392-4008-901185af502b,#N/A,#N/A,#N/A,aruba met,0,0,0,0,0,0,0,0,0,0,0,0,0,0,1,0,0,0,0,0,0,0,0,0,0,0
20260621-1459-1588-7008-3ad038ccc258,#N/A,#N/A,#N/A,TCS,0,0,0,0,0,0,0,0,0,0,0,0,0,0,1,0,0,0,0,0,0,0,0,0,0,0
20260622-0225-5079-80a7-86300e7d0935,#N/A,#N/A,#N/A,____ IR_____,0,0,0,0,0,0,0,0,0,0,0,0,0,0,0,1,0,0,0,0,0,0,0,0,0,0
20260622-0604-3756-7017-0a3b114e4487,#N/A,#N/A,#N/A,PERSISTENT SYSTEMS LIMITED,0,0,0,0,0,0,0,0,0,0,0,0,0,0,0,1,0,0,0,0,0,0,0,0,0,0
20260622-0937-4120-5090-754a7a602e74,#N/A,#N/A,#N/A,____ IR_____,0,0,0,0,0,0,0,0,0,0,0,0,0,0,0,1,0,0,0,0,0,0,0,0,0,0
20260622-1149-5191-004b-bf6d87e11ce5,#N/A,#N/A,#N/A,UNIPARTS INDIA LIMITED,0,0,0,0,0,0,0,0,0,0,0,0,0,0,0,1,0,0,0,0,0,0,0,0,0,0
20260623-0027-2148-7067-31d07046e82d,#N/A,#N/A,#N/A,IBM CORPORATION,0,0,0,0,0,0,0,0,0,0,0,0,0,0,0,1,0,0,0,0,0,0,0,0,0,0
20260623-0312-4151-00b6-621ed36c6663,#N/A,#N/A,#N/A,IBM,0,0,0,0,0,0,0,0,0,0,0,0,0,0,0,1,0,0,0,0,0,0,0,0,0,0
20260625-1647-0081-10cc-e59548a65647,#N/A,#N/A,#N/A,RIPPLSQUARE BUSINESS CONSULTAN,0,0,0,0,0,0,0,0,0,0,0,0,0,0,0,0,1,0,0,0,0,0,0,0,0,0
20260625-2217-2300-00d1-e063068de90f,20260625-2217-2300-00d1-e063068de90f,ipaas_trial,IPAAS_AWS_TRIAL,ToryBurch,0,0,0,0,0,0,0,0,0,0,0,0,0,0,0,1,0,0,0,0,0,0,0,0,0,0
20260626-0534-3578-403d-64348cc3da2d,#N/A,#N/A,#N/A,INCTURE TECHNOLOGIES PRIVATE L,0,0,0,0,0,0,0,0,0,0,0,0,0,0,0,1,0,0,0,0,0,0,0,0,0,0
20260626-1331-0210-30c3-a35783602cfe,#N/A,#N/A,#N/A,IBM,0,0,0,0,0,0,0,0,0,0,0,0,0,0,0,1,0,0,0,0,0,0,0,0,0,0
20260628-0610-1642-30fb-431e41ec1667,#N/A,#N/A,#N/A,3TShop,0,0,0,0,0,0,0,0,0,0,0,0,0,0,0,1,0,0,0,0,0,0,0,0,0,0
20260629-0546-0296-4080-74e1d540405f,#N/A,#N/A,#N/A,IBM Finland Oy,0,0,0,0,0,0,0,0,0,0,0,0,0,0,0,0,1,0,0,0,0,0,0,0,0,0
20260701-0449-4218-206f-03dabaaba197,#N/A,#N/A,#N/A,INCTURE TECHNOLOGIES PRIVATE LIMITED,0,0,0,0,0,0,0,0,0,0,0,0,0,0,0,0,1,0,0,0,0,0,0,0,0,0
20260702-0811-5684-42be-3bf3a9c11114,#N/A,#N/A,#N/A,Savino Del Bene IT s.r.l.,0,0,0,0,0,0,0,0,0,0,0,0,0,0,0,0,1,0,0,0,0,0,0,0,0,0
20260702-0821-5814-90c2-a4b8f02d877b,#N/A,#N/A,#N/A,Hanoman Cendekia Interaktif,0,0,0,0,0,0,0,0,0,0,0,0,0,0,0,0,0,0,1,0,0,0,0,0,0,0
20260705-1600-1228-0013-fb9de0a70330,#N/A,#N/A,#N/A,TRYAMSOFT ENTERPRISE SOLUTION,0,0,0,0,0,0,0,0,0,0,0,0,0,0,0,0,0,1,0,0,0,0,0,0,0,0
20260715-0639-0878-90c6-339162cc356e,#N/A,#N/A,#N/A,nFolks data solutions,0,0,0,0,0,0,0,0,0,0,0,0,0,0,0,0,0,0,1,0,0,0,0,0,0,0
20260724-0317-5604-20e7-c7e53261a29c,#N/A,#N/A,#N/A,Strataresults,0,0,0,0,0,0,0,0,0,0,0,0,0,0,0,0,0,0,0,1,0,0,0,0,0,0
20260724-1046-3571-803d-7fbb652ac74e,20260724-1046-3571-803d-7fbb652ac74e,ipaas_standard,D0YG9ZX,Savino Del Bene IT s.r.l.,0,0,0,0,0,0,0,0,0,0,0,0,0,0,0,0,0,0,0,0,0,0,0,1,0,0
20260729-1757-5096-1040-b25f5c0a7aab,#N/A,#N/A,#N/A,"Estocásticos Consultores, S.A.",0,0,0,0,0,0,0,0,0,0,0,0,0,0,0,0,0,0,0,0,1,0,0,0,0,0
20260818-1328-0191-2000-03a9b864967e,20260818-1328-0191-2000-03a9b864967e,ipaas_trial,IPAAS_AWS_TRIAL,#N/A,0,0,0,0,0,0,0,0,0,0,0,0,0,0,0,0,0,0,0,0,0,0,0,1,0,0
20260821-1906-5634-50e2-63f87d4f9791,20260821-1906-5634-50e2-63f87d4f9791,ipaas_standard,D0YG9ZX,#N/A,0,0,0,0,0,0,0,0,0,0,0,0,0,0,0,0,0,0,0,0,0,0,0,0,1,0
20260901-0549-0795-000f-caecba3e4a62,20260901-0549-0795-000f-caecba3e4a62,ipaas_trial,IPAAS_AWS_TRIAL,#N/A,0,0,0,0,0,0,0,0,0,0,0,0,0,0,0,0,0,0,0,0,0,0,0,0,0,1